<title>College Search - Colorado Mountain College - CMC - At a Glance,"<meta name=""DESCRIPTION"" content=""Colorado Mountain College: At a Glance  - Get trusted and up to date information about Colorado Mountain College financial aid, admission, SAT scores, college majors, deadlines, and more at collegeboard.com. Use the full College Search to find colleges that match your needs, compare colleges side by side, find similar colleges, and save a personal college list.""/>",Students who viewed <strong>Colorado Mountain College</strong> also viewed:,Colorado Mountain College,Colorado,Rural setting,"5,741","1,790",".Animal Health.Farm/Ranch Management.Food Science.Food Technology/Processing.Soil Science and Agronomy.Acting.Art - General.Commercial Photography.Commercial/Advertising Art.Design/Visual Communications.Digital Arts.Drama/Theater Arts.Graphic Design.Photography.Theatre Arts Management.Visual and Performing Arts - General.Biology.Accounting.Business - General.Business Administration/Management.Hospitality Administration/Management.Hotel/Motel Management.Management Information Systems.Real Estate.Resort Management.Photojournalism.Animation/Special Effects.Graphic Communications.Graphic/Printing Equipment Operation.Photographic/Film Technology.Computer Graphics.Computer Networking/Telecommunications.Computer Programming - General.Computer Programming - Specific Applications.Computer/Information Sciences - General.Data Processing Technology.Information Technology.Web/Multimedia Design.Bilingual/Bicultural Education.Education - General.English Language & Literature - General.Rhetoric and Composition.EMT Ambulance Attendant.Health Services - General.Nursing (RN).Nursing - Practical.Nursing Assistance.Prenursing.Veterinarian Assistance.Prelaw.General Studies.Liberal Arts & Sciences.Mathematics - General.Accounting/Computer Science.Biological/Physical Sciences.Natural Sciences.Science, Technology & Society.Forestry - General.Natural Resources & Conservation - General.Natural Resources Management/Policy.Parks, Recreation & Fitness - General.Parks/Leisure Facilities Management.Baking/Pastry Arts.Culinary Arts/Chef Training.Culinary Arts/Related Services.Food Prep/Professional Cooking.Personal & Culinary Services - General.Restaurant/Catering Management.Astronomy.Chemistry.Geology.Physical Sciences - General.Psychology - General.Criminal Justice Studies.Fire Protection/Safety Technology.Fire Science/Firefighting.Fire Services Administration.Police Science.Social Sciences - Genera"
Penn State Berks,Pennsylvania,Suburban setting,"2,830","13,636",".Agribusiness Operations.Agricultural Mechanization.Agriculture - General.Agronomy/Crop Science.Animal Sciences.Food Science.Horticulture Science.Landscaping.Pest Management.Turf Management.African-American Studies.American Studies.Asian Studies.Latin American Studies.Women's Studies.Acting.Art - General.Art History/Criticism/Conservation.Film Studies.Graphic Design.Music - General.Theater Design/Stagecraft.Visual and Performing Arts - General.Bacteriology.Biochemistry.Biology.Toxicology.Accounting.Actuarial Science.Business - General.Business Administration/Management.Business Communications.Customer Service Management.E-Commerce.Finance/Banking.Financial Planning.Hospitality Administration/Management.Human Resources Management.Labor Studies.Labor/Personnel Relations.Logistics/Materials Management.Management Information Systems.Management Science.Marketing Management.Organizational Behavior Studies.Advertising.Communications/Rhetoric.Digital Communications/Multimedia.Journalism.Organizational Communication.Public Relations.Computer/Information Sciences - General.Computer/Systems Security.Data Processing Technology.Information Sciences/Systems.Information Technology.Web/Multimedia Design.Adult/Continuing Education Administration.Adult/Continuing Teacher Education.Agricultural Education.Art Teacher Education.ESL Teacher Education.Early Childhood Education.Education - General.Elementary Education.Foreign Language Teacher Education.Science Teacher Education.Secondary Education.Special Education.Aeronautical/Aerospace Engineering.Agricultural Engineering.Architectural Engineering.Biomedical Engineering.Chemical Engineering.Civil Engineering.Computer Engineering - General.Electrical/Communications Engineering.Engineering - General.Engineering Science.Environmental Engineering.Industrial Engineering.Manufacturing Engineering.Materials Science.Mechanical Engineering.Mining/Mineral Engineering.Nuclear Engineering.Petroleum.Biomedical Engineering Technology.Electrical Engineering Technologies.Electromechanical Technologies.Mechanical Engineering Technology.Metallurgical Technology.Plastics.English Language & Literature - General.Technical/Business Writing.Adult Development/Aging.Child Development.Human Development/Family Studies.Human Nutrition.Chinese.Classics.Comparative Literature.Foreign Language & Literature - General.French.German.Italian.Japanese.Russian.Spanish.Athletic Training/Sports Medicine.Communication Disorders.EMT Ambulance Attendant.Health Facilities Administration.Health System Administration.Medical Scientist (MS, PhD).Nursing (RN).Occupational Therapy Assistance.Premedicine.Preveterinary Medicine.Substance Abuse Counseling.History - General.Law & Legal Studies - General.General Studies.Liberal Arts & Sciences.Mathematics - General.Statistics.Behavioral Sciences.Biological/Physical Sciences.Global Studies.Medieval/Renaissance Studies.Environmental Studies.Forest Sciences/Biology.Forest Technology.Natural Resources & Conservation - General.Exercise Sciences.Parks/Leisure Facilities Management.Jewish/Judaic Studies.Philosophy.Religion/Religious Studies.Astronomy.Atmospheric Sciences.Chemistry.Geology.Physics.Psychology - General.Public Administration.Youth Services.Biology Technician.Criminalistics/Criminal Science.Forensic Technologies.Law Enforcement Administration.Anthropology.Archaeology.Criminology.Economics.Geography.International Relations.Political Science/Government.Sociolog"
Humacao Community College,Urban setting,610,"6,340",.Administrative/Secretarial Services.Business Administration/Management.Office Clerical Services.Information Sciences/Systems.Electrical Engineering Technologies.Heating/A.C./Refrigeration.Dental Assistance.Medical Administrative Assistance.Medical Records Technology.Pharmacy Assistanc
Lake Erie College,Ohio,Suburban setting,981,"26,550",.Animal Breeding.Equestrian/Equine Studies.Farm/Ranch Management.Horse Husbandry/Equine Science.Dance.Fine/Studio Arts.Music - General.Theatre Arts Management.Visual and Performing Arts - General.Biology.Accounting.Business Administration/Management.Entrepreneurial Studies.Human Resources Development.International Business.Marketing Management.Communications/Rhetoric.Curriculum/Instruction.Education - General.Elementary Education.Reading Teacher Education.Secondary Education.English Language & Literature - General.Foreign Language & Literature - General.French.German.Italian.Spanish.History - General.Paralegal/Legal Assistance.Prelaw.Mathematics - General.Environmental Studies.Natural Resources & Conservation - General.Chemistry.Psychology - General.Law Enforcement Administration.Social Sciences - General.Sociolog
Lincoln Memorial University,Tennessee,Rural setting,"1,857","17,720",".American Studies.Art - General.Visual and Performing Arts - General.Biology.Accounting.Business - General.Business Administration/Management.Business/Managerial Economics.Management Science.Office Clerical Services.Communications/Rhetoric.Computer/Information Sciences - General.Art Teacher Education.Biology Teacher Education.Business Teacher Education.Chemistry Teacher Education.Early Childhood Education.Education - General.Elementary Education.English Teacher Education.Health Teacher Education.History Teacher Education.Junior High Education.Mathematics Education.Physical Education.Science Teacher Education.Secondary Education.Social Science Teacher Education.Social Studies Teacher Education.English Language & Literature - General.Athletic Training/Sports Medicine.Clinical Laboratory Science.Clinical/Medical Laboratory Technology.Nursing (RN).Predentistry.Premedicine.Prepharmacy.Preveterinary Medicine.Veterinarian Assistance.History - General.Prelaw.Humanities.Mathematics - General.Environmental Science.Wildlife/Wilderness Management.Health/Physical Fitness.Philosophy and Religious Studies, General.Chemistry.Psychology - General.Social Work.Social Sciences - Genera"
Quincy University,Illinois,Urban setting,"1,268","24,140",".Graphic Design.Music - General.Biology.Accounting.Business Administration/Management.Finance/Banking.Management Science.Marketing Management.Communication, General.Computer Science.Information Sciences/Systems.Elementary Education.Music Teacher Education.Physical Education.Special Education.Teacher Education, Multiple Levels.English Language & Literature - General.Sign Language Interpretation.Clinical Laboratory Science.Nursing (RN).History - General.Humanities.Liberal Arts & Sciences.Mathematics - General.Health/Physical Fitness.Sport/Fitness Administration.Chemistry.Psychology - General.Human Services.Criminal Justice Studies.Political Science/Government.Airline - Commercial Pilot/Flight Crew.Aviation Managemen"
St. Norbert College,Wisconsin,Suburban setting,"2,173","29,398",.Art - General.Commercial/Advertising Art.Drama/Theater Arts.Graphic Design.Music - General.Biochemistry.Biology.Accounting.Business - General.Business Administration/Management.Finance/Banking.Human Resources Management.International Business.Management Information Systems.Marketing Management.Communications/Rhetoric.Mass Communications/Media Studies.Computer Graphics.Computer Science.Early Childhood Education.Elementary Education.Music Teacher Education.Creative Writing.English Language & Literature - General.French.German.Spanish.Predentistry.Premedicine.Prenursing.Prepharmacy.Preveterinary Medicine.History - General.Prelaw.Humanities.Mathematics - General.Biological/Physical Sciences.Environmental Science.Philosophy.Religion/Religious Studies.Chemistry.Geology.Physics.Psychology - General.Human Services.Anthropology.Economics.International Relations.Political Science/Government.Sociology.Religious Educatio
Cuyamaca College,California,Suburban setting,"1,120",".Horticulture, Ornamental.Accounting.Business Administration/Management.Real Estate.Communications Technologies - General.Computer Engineering - General.Electrical/Communications Engineering.Engineering - General.Surveying Engineering.Architectural Engineering Technology.Computer Systems.Drafting and Design Technology.Electrical Engineering Technologies.Surveying Technology.Child Care Management.Spanish.Liberal Arts & Sciences.Physical Sciences - Genera",Not set
Paralegal Institute,Arizona,Urban setting,,.Paralegal/Legal Assistanc,Not set
Copper Mountain College,California,Rural setting,"2,097","1,082",.Art - General.Accounting.Business Administration/Management.Communications/Rhetoric.Computer Science.Computer/Information Sciences - General.Early Childhood Education.English Language & Literature - General.Spanish.EMT Ambulance Attendant.Home Attendant.Nursing - Practical.Nursing Assistance.History - General.Liberal Arts & Sciences.Mathematics - General.Automotive Technology.Philosophy.Psychology - General.Fire Protection/Safety Technology.Law Enforcement Administration.Anthropology.Economics.Political Science/Government.Social Sciences - Genera
Fullerton College,California,Suburban setting,"18,696","1,112",".Horticultural Services.Plant/Nursery Operations.Landscape Architecture.Latin American Studies.Art - General.Commercial/Advertising Art.Dance.Design/Visual Communications.Drama/Theater Arts.Fashion Design.Music - General.Visual and Performing Arts - General.Bacteriology.Biology.Zoology.Accounting.Administrative/Secretarial Services.Business Administration/Management.Entrepreneurial Studies.Fashion Merchandising.International Business.Management Information Systems.Purchasing/Procurement/Contracts.Real Estate.Tourism/Travel Services.Advertising.Broadcast Journalism.Communications/Rhetoric.Journalism.Public Relations.Graphic/Printing Equipment Operation.Computer Graphics.Computer Programming - Specific Applications.Computer/Information Sciences - General.Data Processing Technology.Building/Property Maintenance.Carpentry.Business Teacher Education.Trade/Industrial Education.Engineering - General.Architectural Engineering Technology.Drafting and Design Technology.Electrical Engineering Technologies.English Language & Literature - General.Rhetoric and Composition.Child Care Management.Family/Consumer Sciences - General.Human Development/Family Studies.Foreign Language & Literature - General.Clinical Laboratory Science.Prenursing.History - General.Legal Administrative Assistance.Paralegal/Legal Assistance.Liberal Arts & Sciences.Library Assistance.Mathematics - General.Auto Body Repair.Fishing/Fisheries.Forestry - General.Natural Resources & Conservation - General.Parks, Recreation & Fitness - General.Cosmetology.Philosophy.Astronomy.Chemistry.Geology.Physics.Psychology - General.Police Science.Anthropology.Economics.Geography.Political Science/Government.Sociolog"
<title>College Search - Colorado State University - CSU - At a Glance,"<meta name=""DESCRIPTION"" content=""Colorado State University: At a Glance  - Get trusted and up to date information about Colorado State University financial aid, admission, SAT scores, college majors, deadlines, and more at collegeboard.com. Use the full College Search to find colleges that match your needs, compare colleges side by side, find similar colleges, and save a personal college list.""/>",Students who viewed <strong>Colorado State University</strong> also viewed:,Colorado State University,Colorado,Office of Admissions/Colorado State University,Suburban setting,"23,261","8,042",.Agribusiness Operations.Agricultural Economics.Agricultural Education Services.Agronomy/Crop Science.Animal Sciences.Equestrian/Equine Studies.Horticultural Services.Horticulture Science.Landscaping.Plant/Nursery Operations.Range Science/Management.Soil Science and Agronomy.Landscape Architecture.Ethnic studies.Art - General.Art History/Criticism/Conservation.Dance.Drama/Theater Arts.Fine/Studio Arts.Graphic Design.Interior Design.Music - General.Music - General Performance.Music Conducting.Music Theory/Composition.Biochemistry.Biology.Biomedical Sciences.Microbiology.Wildlife Biology.Zoology.Accounting.Business Administration/Management.Construction Management.Finance/Banking.Management Information Systems.Marketing Management.Real Estate.Restaurant/Food Services Management.Communications/Rhetoric.Journalism.Public Relations.Radio/Television.Computer/Information Sciences - General.Information Sciences/Systems.Information Technology.Agricultural Education.Art Teacher Education.Biology Teacher Education.Business Teacher Education.Chemistry Teacher Education.Early Childhood Education.Education - General.English Teacher Education.Family/Consumer Sciences - Education.French Teacher Education.German Teacher Education.Mathematics Education.Music Teacher Education.Physics Teacher Education.Sales/Marketing Education.Science Teacher Education.Social Studies Teacher Education.Spanish Language Teacher Education.Speech Teacher Education.Technology/Industrial Arts Education.Trade/Industrial Education.Chemical Engineering.Civil Engineering.Computer Engineering - General.Electrical/Communications Engineering.Engineering Science.Engineering/Applied Physics.Environmental Engineering.Mechanical Engineering.Computer Systems.Construction/Building Technologies.Creative Writing.English Language & Literature - General.Apparel/Textile Marketing Management.Family/Consumer Sciences - General.Foods/Nutrition Studies.Human Development/Family Studies.Human Nutrition.Foreign Language & Literature - General.French.German.Spanish.Athletic Training/Sports Medicine.Environmental Health.Music Therapy.History - General.Liberal Arts & Sciences.Mathematics - General.Global Studies.Natural Sciences.Forest Sciences/Biology.Natural Resources & Conservation - General.Natural Resources Management/Policy.Water/Wetlands/Marine Management.Exercise Sciences.Parks/Leisure Facilities Management.Philosophy.Chemistry.Geology.Physics.Psychology - General.Social Work.Fire Services Administration.Anthropology.Economics.Political Science/Government.Sociolog
Cornell University,New York,Rural setting,"14,167","41,541",".Agribusiness Operations.Agricultural Business.Agricultural Economics.Agriculture - General.Animal Sciences.Food Science.International Agriculture.Plant Sciences.Viticulture and Enology.Architectural History/Criticism.Architecture.City/Community/Regional Planning.Environmental Design.Landscape Architecture.African-American Studies.American Studies.Asian Studies.Gay/Lesbian Studies.German Studies.Near/Middle Eastern Studies.Art History/Criticism/Conservation.Dance.Drama/Theater Arts.Fiber/Textile/Weaving Arts.Film Studies.Fine/Studio Arts.Music - General.Biology.Biometrics.Ecology.Entomology.Hotel/Motel Management.Labor/Personnel Relations.Communications/Rhetoric.Computer Science.Computer/Information Sciences - General.Information Technology.Agricultural Education.Agricultural Engineering.Chemical Engineering.Civil Engineering.Electrical/Communications Engineering.Engineering - General.Engineering/Applied Physics.Environmental Engineering.Materials Engineering.Mechanical Engineering.Operations Research.English Language & Literature - General.Human Development/Family Studies.Classics.Comparative Literature.French.German.Italian.Linguistics.Spanish.History - General.Liberal Arts & Sciences.Mathematics - General.Statistics.Nutrition Sciences.Science, Technology & Society.Natural Resources & Conservation - General.Philosophy.Religion/Religious Studies.Astronomy.Atmospheric Sciences.Chemistry.Geology.Physics.Psychology - General.Public Policy Analysis.Anthropology.Archaeology.Economics.Political Science/Government.Sociolog"
Penn State Worthington Scranton,Pennsylvania,Suburban setting,"1,270","12,966",".Agribusiness Operations.Agricultural Mechanization.Agriculture - General.Agronomy/Crop Science.Animal Sciences.Food Science.Horticulture Science.Landscaping.Pest Management.Turf Management.African-American Studies.American Studies.Asian Studies.Latin American Studies.Women's Studies.Acting.Art - General.Art History/Criticism/Conservation.Film Studies.Graphic Design.Music - General.Theater Design/Stagecraft.Visual and Performing Arts - General.Bacteriology.Biochemistry.Biology.Toxicology.Accounting.Actuarial Science.Business - General.Business Administration/Management.Business Communications.Customer Service Management.E-Commerce.Finance/Banking.Financial Planning.Hospitality Administration/Management.Human Resources Management.Labor Studies.Labor/Personnel Relations.Logistics/Materials Management.Management Information Systems.Management Science.Marketing Management.Organizational Behavior Studies.Advertising.Communications/Rhetoric.Digital Communications/Multimedia.Journalism.Organizational Communication.Public Relations.Computer/Information Sciences - General.Computer/Systems Security.Data Processing Technology.Information Sciences/Systems.Information Technology.Web/Multimedia Design.Adult/Continuing Education Administration.Adult/Continuing Teacher Education.Agricultural Education.Art Teacher Education.ESL Teacher Education.Early Childhood Education.Education - General.Elementary Education.Foreign Language Teacher Education.Science Teacher Education.Secondary Education.Special Education.Aeronautical/Aerospace Engineering.Agricultural Engineering.Architectural Engineering.Biomedical Engineering.Chemical Engineering.Civil Engineering.Computer Engineering - General.Electrical/Communications Engineering.Engineering - General.Engineering Science.Environmental Engineering.Industrial Engineering.Manufacturing Engineering.Materials Science.Mechanical Engineering.Mining/Mineral Engineering.Nuclear Engineering.Petroleum.Construction/Building Technologies.Electromechanical Technologies.Mechanical Engineering Technology.Plastics.English Language & Literature - General.Adult Development/Aging.Child Development.Human Development/Family Studies.Human Nutrition.Chinese.Classics.Comparative Literature.French.German.Italian.Japanese.Russian.Spanish.Athletic Training/Sports Medicine.Communication Disorders.EMT Ambulance Attendant.Health Facilities Administration.Health System Administration.Medical Scientist (MS, PhD).Nursing (RN).Premedicine.Preveterinary Medicine.Substance Abuse Counseling.History - General.Law & Legal Studies - General.General Studies.Liberal Arts & Sciences.Mathematics - General.Statistics.Behavioral Sciences.Biological/Physical Sciences.Global Studies.Medieval/Renaissance Studies.Environmental Studies.Forest Sciences/Biology.Forest Technology.Natural Resources & Conservation - General.Exercise Sciences.Parks/Leisure Facilities Management.Jewish/Judaic Studies.Philosophy.Religion/Religious Studies.Astronomy.Atmospheric Sciences.Chemistry.Geology.Physics.Psychology - General.Public Administration.Youth Services.Biology Technician.Criminalistics/Criminal Science.Forensic Technologies.Law Enforcement Administration.Anthropology.Archaeology.Criminology.Economics.Geography.International Relations.Political Science/Government.Sociolog"
<title>College Search - University of Wisconsin-Whitewater - UW-W - At a Glance,"<meta name=""DESCRIPTION"" content=""University of Wisconsin-Whitewater: At a Glance  - Get trusted and up to date information about University of Wisconsin-Whitewater financial aid, admission, SAT scores, college majors, deadlines, and more at collegeboard.com. Use the full College Search to find colleges that match your needs, compare colleges side by side, find similar colleges, and save a personal college list.""/>",Students who viewed <strong>University of Wisconsin-Whitewater</strong> also viewed:,University of Wisconsin-Whitewater,Wisconsin,Suburban setting,"10,144","7,195",.Women's Studies.Art - General.Art History/Criticism/Conservation.Dance.Drama/Theater Arts.Music - General.Music Theory/Composition.Theater Literature/History/Criticism.Theatre Arts Management.Biology.Accounting.Business - General.Business Administration/Management.Business/Managerial Economics.Finance/Banking.Human Resources Management.Marketing Management.Nonprofit Management.Office Clerical Services.Operations Management.Broadcast Journalism.Communications/Rhetoric.Journalism.Computer Systems Analysis.Computer/Information Sciences - General.Information Technology.Web/Multimedia Design.Art Teacher Education.Biology Teacher Education.Business Teacher Education.Chemistry Teacher Education.Computer Teacher Education.Drama/Dance Teacher Education.Early Childhood Education.Education - General.Education of Learning Disabled.Elementary Education.English Teacher Education.French Teacher Education.German Teacher Education.History Teacher Education.Mathematics Education.Music Teacher Education.Physical Education.Sales/Marketing Education.Science Teacher Education.Secondary Education.Social Science Teacher Education.Social Studies Teacher Education.Spanish Language Teacher Education.Special Education.Speech Teacher Education.Occupational Safety.Creative Writing.English Language & Literature - General.Rhetoric and Composition.French.German.Spanish.Speech-Language Pathology.History - General.Prelaw.Liberal Arts & Sciences.Mathematics - General.Global Studies.Chemistry.Physics.Psychology - General.Public Administration.Public Policy Analysis.Social Work.Economics.Geography.Political Science/Government.Social Sciences - General.Sociolog
Central Piedmont Community College,North Carolina,Urban setting,"19,877","2,090",.Horticultural Services.Turf Management.Commercial/Advertising Art.Interior Design.Accounting Technology.Administrative/Secretarial Services.Business Administration/Management.Hospitality Administration/Management.Information Processing/Data Entry.International Business.Management Information Systems.Operations Management.Real Estate.Retailing.Travel/Tourism Management.Graphic/Printing Equipment Operation.Computer Programming - General.Database Management.Information Technology.Networking/LAN/WAN Management.Web/Multimedia Management.Electrician.Early Childhood Education.Architectural Engineering Technology.Civil Engineering/Technology.Electrical Engineering Technologies.Engineering/Industrial Management.Mechanical Drafting.Mechanical Engineering Technology.Occupational Safety.Surveying Technology.Child Care Management.Sign Language Interpretation.Cardiovascular Technology.Cytotechnology.Dental Assistance.Dental Hygiene.Medical Assistance.Medical Laboratory Assistance.Medical Office Administration.Medical Records Technology.Mental Health Services Technology.Nursing (RN).Physical Therapy Assistance.Respiratory Therapy.Substance Abuse Counseling.Legal Administrative Assistance.Paralegal/Legal Assistance.General Studies.Liberal Arts & Sciences.Auto Body Repair.Automotive Technology.Diesel Mechanics.Heating/A.C./Refrigeration Mechanics.Parks/Leisure Facilities Management.Culinary Arts/Chef Training.Machine Shop Technology.Welding Technology.Corrections.Fire Protection/Safety Technology.Police Scienc
<title>College Search - Central Virginia Community College - CVCC - At a Glance,"<meta name=""DESCRIPTION"" content=""Central Virginia Community College: At a Glance  - Get trusted and up to date information about Central Virginia Community College financial aid, admission, SAT scores, college majors, deadlines, and more at collegeboard.com. Use the full College Search to find colleges that match your needs, compare colleges side by side, find similar colleges, and save a personal college list.""/>",Students who viewed <strong>Central Virginia Community College</strong> also viewed:,Central Virginia Community College,Virginia,Suburban setting,"5,461","3,705",.Commercial/Advertising Art.Photography.Accounting.Administrative/Secretarial Services.Business - General.Business Administration/Management.Finance/Banking.Management Information Systems.Office Clerical Services.Office Management.Purchasing/Procurement/Contracts.Computer Graphics.Information Sciences/Systems.Electrician.Pipefitting.Education - General.Architectural Engineering Technology.Civil Engineering/Technology.Drafting and Design Technology.Electrical Engineering Technologies.Child Care Management.Clinical/Medical Laboratory Technology.Health Physics/Radiologic Health.Paralegal/Legal Assistance.Liberal Arts & Sciences.Heating/A.C./Refrigeration Mechanics.Human Services.Law Enforcement Administration.Transportation & Materials Moving - Genera
Stevens Institute of Business & Arts,Missouri,Urban setting,"10,125",.Interior Design.Administrative/Secretarial Services.Business Administration/Management.Fashion Merchandising.Hospitality Administration/Management.Retailing.Tourism/Travel Marketing.Travel/Tourism Management.Paralegal/Legal Assistanc,Not set
<title>College Search - Southwest Florida College - SWFC - At a Glance,"<meta name=""DESCRIPTION"" content=""Southwest Florida College: At a Glance  - Get trusted and up to date information about Southwest Florida College financial aid, admission, SAT scores, college majors, deadlines, and more at collegeboard.com. Use the full College Search to find colleges that match your needs, compare colleges side by side, find similar colleges, and save a personal college list.""/>",Students who viewed <strong>Southwest Florida College</strong> also viewed:,Southwest Florida College,Florida,Urban setting,"16,875",.Interior Design.Accounting.Business Administration/Management.Marketing Management.Animation/Special Effects.Computer Networking/Telecommunications.Computer Programming - General.Information Technology.Web/Multimedia Design.Early Childhood Education.Computer Engineering - General.Drafting and Design Technology.Health System Administration.Massage Therapy.Medical Assistance.Medical Insurance Coding.Medical Records Technology.Surgical Technology.Paralegal/Legal Assistance.Law Enforcement Administratio,Not set
Umpqua Community College,Oregon,Rural setting,"3,233","4,178",.Accounting.Accounting Technology.Administrative/Secretarial Services.Business - General.Business Administration/Management.Executive Assistant.Management Information Systems.Marketing Management.Office Clerical Services.Office Management.Sales and Distribution.Journalism.Information Sciences/Systems.Construction Trades - General.Early Childhood Education.Education - General.Teacher Assistance.Civil Engineering/Technology.Industrial Technology.Child Care Management.Dental Assistance.Emergency Medical Technology.Medical Administrative Assistance.Medical Assistance.Medical Insurance Coding.Medical Staff Services Technology.Nursing (RN).Nursing - Practical.Nursing Assistance.Legal Administrative Assistance.Paralegal/Legal Assistance.Liberal Arts & Sciences.Automotive Technology.Electrical/Electronics Equipment Repair.Cosmetology.Culinary Arts/Chef Training.Welding Technology.Human Services.Fire Science/Firefighting.Police Science.Air Transportation.Airline - Commercial Pilot/Flight Cre
Wenatchee Valley College,Washington,Central Washington University has branch facilities on campus.,Rural setting,"3,647",.Agricultural Business.Agricultural Production.Agricultural/Food Processing.Crop Production.Accounting Technology.Administrative/Secretarial Services.Business Administration/Management.Office Clerical Services.Office Management.Resort Management.Computer Networking/Telecommunications.Early Childhood Education.Drafting and Design Technology.Diagnostic Medical Sonography.Medical Administrative Assistance.Medical Assistance.Medical Laboratory Assistance.Nursing (RN).Nursing - Practical.Nursing Assistance.Radiologic Technology/Medical Imaging.Substance Abuse Counseling.Legal Administrative Assistance.General Studies.Liberal Arts & Sciences.Automotive Technology.Heating/A.C./Refrigeration Mechanics.Industrial Electronics.Natural Resources & Conservation - General.Police Scienc,Not set
<title>College Search - Florida Technical College: Orlando - FTC - At a Glance,"<meta name=""DESCRIPTION"" content=""Florida Technical College: Orlando: At a Glance  - Get trusted and up to date information about Florida Technical College: Orlando financial aid, admission, SAT scores, college majors, deadlines, and more at collegeboard.com. Use the full College Search to find colleges that match your needs, compare colleges side by side, find similar colleges, and save a personal college list.""/>",Students who viewed <strong>Florida Technical College: Orlando</strong> also viewed:,Florida Technical College: Orlando,Florida,Suburban setting,"2,088",.Business Administration/Management.Computer Networking/Telecommunications.Computer Programming - General.Web/Multimedia Design.Drafting and Design Technology.Medical Administrative Assistance.Medical Assistance.Medical Insurance Billing.Medical Insurance Coding.Nursing Assistance.Computer Installation/Repair.Law Enforcement Administratio,Not set
Lyme Academy College of Fine Arts,Connecticut,Rural setting,83,"28,252",.Drawing.Illustration.Painting.Sculptur
Black River Technical College,Arkansas,Rural setting,"2,505","2,460",.Art - General.Accounting.Accounting Technology.Administrative/Secretarial Services.Business Administration/Management.Management Information Systems.Early Childhood Education.Elementary Education.Nursing Assistance.Aircraft Mechanics.Aircraft Powerplant Technology.Auto Body Repair.Automotive Technology.Industrial Equipment Maintenance/Repair.Police Science.Economic
Charles Drew University of Medicine and Science,California,Urban setting,97,"14,140",.Premedicine.Radiologic Technology/Medical Imagin
Argosy University: Chicago,Illinois,"Additional campuses in Northwest Chicago, Washington, D.C., Atlanta, Seattle, Tampa, Minneapolis/St. Paul, San Francisco Bay area, Dallas, Honolulu, Nashville, Phoenix, Sarasota, and Orange County, CA.",Urban setting,"17,962",.Business Administration/Management.Psychology - Genera,Not set
Landmark College,Vermont,Rural setting,488,"48,710",.Business Administration/Management.Liberal Arts & Science
<title>College Search - Central Maine Medical Center College of Nursing and Health Professions - At a Glance,"<meta name=""DESCRIPTION"" content=""Central Maine Medical Center College of Nursing and Health Professions: At a Glance  - Get trusted and up to date information about Central Maine Medical Center College of Nursing and Health Professions financial aid, admission, SAT scores, college majors, deadlines, and more at collegeboard.com. Use the full College Search to find colleges that match your needs, compare colleges side by side, find similar colleges, and save a personal college list.""/>",Students who viewed <strong>Central Maine Medical Center College of Nursing and Health Professions</strong> also viewed:,Central Maine Medical Center College of Nursing and Health Professions,Maine,Urban setting,200,"8,530",.Nursing (RN
SUNY College at Old Westbury,New York,Suburban setting,"4,230","6,324",.American Studies.Visual and Performing Arts - General.Biochemistry.Biology.Accounting.Business Administration/Management.Finance/Banking.Labor/Personnel Relations.Marketing Management.Communications/Rhetoric.Computer/Information Sciences - General.Information Sciences/Systems.Bilingual/Bicultural Education.Biology Teacher Education.Chemistry Teacher Education.Elementary Education.Junior High Education.Mathematics Education.Science Teacher Education.Secondary Education.Social Studies Teacher Education.Spanish Language Teacher Education.Special Education.English Language & Literature - General.Comparative Literature.Spanish.Humanities.Liberal Arts & Sciences.Mathematics - General.Philosophy.Chemistry.Psychology - General.Criminology.Social Sciences - General.Sociolog
Barnard College,"New York,&nbsp;",New York,Urban setting,"2,445","42,184",".Architectural History/Criticism.Architecture.African Studies.American Studies.Asian Studies.European Studies.French Studies.German Studies.Latin American Studies.Near/Middle Eastern Studies.Russian/Slavic Area Studies.Slavic Studies.Spanish/Iberian Studies.Women's Studies.Art History/Criticism/Conservation.Dance.Drama/Theater Arts.Film Studies.Music - General.Visual and Performing Arts - General.Biochemistry.Biology.Biophysics.Environmental Biology.Computer Science.Computer/Information Sciences - General.Engineering/Applied Physics.English Language & Literature - General.Classics.Comparative Literature.French.German.Greek, Ancient.Greek, Modern.Italian.Latin.Linguistics.Russian.Spanish.History - General.Applied Mathematics.Mathematics - General.Statistics.Ancient Studies/Civilization.Medieval/Renaissance Studies.Neuroscience.Environmental Science.Environmental Studies.Philosophy.Religion/Religious Studies.Astronomy.Astrophysics.Chemistry.Physics.Psychology - General.Anthropology.Economics.Geography.Political Science/Government.Sociology.Urban Studie"
Jacksonville State University,Alabama,Rural setting,"8,199","7,650",".Art - General.Drama/Theater Arts.Music - General.Biology.Accounting.Business Administration/Management.Business/Managerial Economics.Finance/Banking.Marketing Management.Radio/Television.Computer/Information Sciences - General.Elementary Education.Health Teacher Education.Physical Education.Secondary Education.Special Education.Electrical Engineering Technologies.Manufacturing Technologies.Occupational Safety.English Language & Literature - General.Family/Consumer Sciences - General.Foreign Language & Literature - General.Nursing (RN).History - General.Liberal Arts & Sciences.Mathematics - General.Parks, Recreation & Fitness - General.Chemistry.Physics.Psychology - General.Social Work.Criminal Justice Studies.Economics.Geography.Political Science/Government.Sociolog"
Ursuline College,Ohio,Suburban setting,953,"24,910",.Art History/Criticism/Conservation.Fashion Design.Fine/Studio Arts.Graphic Design.Interior Design.Biology.Biotechnology.Accounting.Business Administration/Management.Fashion Merchandising.Human Resources Management.Management Information Systems.Marketing Management.Public Relations.Art Teacher Education.Early Childhood Education.English Teacher Education.Junior High Education.Mathematics Education.Science Teacher Education.Social Studies Teacher Education.Special Education.English Language & Literature - General.Health Facilities Administration.Health Services - General.Health System Administration.Nursing (RN).Nursing - Preoperative/Surgical.Prenursing.History - General.Paralegal/Legal Assistance.Humanities.Mathematics - General.Historic Preservation/Conservation.Christian Studies.Philosophy.Psychology - General.Social Work.Sociolog
Northampton Community College,Pennsylvania,Suburban setting,"11,350","3,420",.Acting.Fine/Studio Arts.Graphic Design.Interior Design.Biology.Biotechnology.Accounting Technology.Administrative/Secretarial Services.Business - General.Business Administration/Management.Construction Management.Entrepreneurial Studies.Hospitality Administration/Management.Hotel/Motel Management.Marketing Management.Office Clerical Services.Real Estate.Resort Management.Restaurant/Food Services Management.Communications/Rhetoric.Journalism.Radio/Television Broadcasting.Computer Networking/Telecommunications.Computer Programming - General.Computer Science.Computer/Systems Security.Web/Multimedia Design.Word Processing.Electrician.Early Childhood Education.Junior High Education.Secondary Education.Teacher Assistance.Engineering - General.Architectural Engineering Technology.CAD/CADD Drafting/Design.Electrical Engineering Technologies.Electromechanical Technologies.Quality Control.Child Care Management.Child Care Service.Athletic Training/Sports Medicine.Dental Hygiene.Diagnostic Medical Sonography.Emergency Medical Technology.Medical Administrative Assistance.Medical Assistance.Medical Insurance Coding.Medical Transcription.Nursing (RN).Nursing - Practical.Radiologic Technology/Medical Imaging.Surgical Technology.Veterinarian Assistance.Legal Administrative Assistance.Paralegal/Legal Assistance.General Studies.Liberal Arts & Sciences.Library Assistance.Mathematics - General.Automotive Technology.Computer Installation/Repair.Heating/A.C./Refrigeration Mechanics.Industrial Electronics.Sport/Fitness Administration.Culinary Arts/Chef Training.Food Service.Funeral Services/Mortuary Science.Chemistry.Physics.Welding Technology.Social Work.Biology Technician.Criminal Justice Studies.Fire Science/Firefighting.Fire Services Administratio
<title>College Search - West Chester University of Pennsylvania - WCU - At a Glance,"<meta name=""DESCRIPTION"" content=""West Chester University of Pennsylvania: At a Glance  - Get trusted and up to date information about West Chester University of Pennsylvania financial aid, admission, SAT scores, college majors, deadlines, and more at collegeboard.com. Use the full College Search to find colleges that match your needs, compare colleges side by side, find similar colleges, and save a personal college list.""/>",Students who viewed <strong>West Chester University of Pennsylvania</strong> also viewed:,West Chester University of Pennsylvania,Pennsylvania,Suburban setting,"12,834","8,274",.American Studies.Women's Studies.Art - General.Dance.Drama/Theater Arts.Fine/Studio Arts.Music - General.Music - General Performance.Biochemistry.Biology.Accounting.Business - General.Business Administration/Management.Business/Managerial Economics.Finance/Banking.Sales and Distribution.Computer/Information Sciences - General.Early Childhood Education.Elementary Education.Junior High Education.Special Education.English Language & Literature - General.French.German.Latin.Russian.Spanish.Athletic Training/Sports Medicine.Health System Administration.Medical Dietetics.Premedicine.Public Health.Speech-Language Pathology/Audiology.History - General.Liberal Arts & Sciences.Mathematics - General.Health/Physical Fitness.Philosophy.Analytical Chemistry.Chemistry.Geology.Physics.Psychology - General.Social Work.Criminal Justice Studies.Anthropology.Geography.Political Science/Government.Sociolog
Boston University,Massachusetts,Urban setting,"18,645","41,420",".Architectural History/Criticism.American Studies.East Asian Studies.Italian Studies.Latin American Studies.Russian/Slavic Area Studies.Acting.Art History/Criticism/Conservation.Commercial/Advertising Art.Directing/Theatrical Production.Drawing.Film Production/Cinematography.Music - General Performance.Music - Piano/Organ.Music - Voice/Opera.Music History/Literature.Music Theory/Composition.Painting.Sculpture.Theater Design/Stagecraft.Theater Literature/History/Criticism.Visual and Performing Arts - General.Biochemistry.Biology.Ecology.Marine/Aquatic Biology.Molecular Biology.Accounting.Business Administration/Management.Entrepreneurial Studies.Finance/Banking.Hospitality Administration/Management.International Business.International Finance.Management Information Systems.Marketing Management.Marketing Research.Operations Management.Organizational Behavior Studies.Advertising.Broadcast Journalism.Communications/Rhetoric.Journalism.Public Relations.Computer/Information Sciences - General.Art Teacher Education.Bilingual/Bicultural Education.Chemistry Teacher Education.Drama/Dance Teacher Education.Early Childhood Education.Education - General.Education of Deaf/Hearing Impaired.Elementary Education.English Teacher Education.Mathematics Education.Music Teacher Education.Physical Education.Science Teacher Education.Social Studies Teacher Education.Special Education.Aeronautical/Aerospace Engineering.Biomedical Engineering.Computer Engineering - General.Electrical/Communications Engineering.Engineering - General.Mechanical Engineering.English Language & Literature - General.Classics.Foreign Language & Literature - General.French.German.Greek, Ancient.Greek, Modern.Italian.Latin.Linguistics.Russian.Spanish.Athletic Training/Sports Medicine.Communication Disorders.Dental Laboratory Technology.History - General.Legal Administrative Assistance.Paralegal/Legal Assistance.Mathematics - General.Mathematics/Computer Science.Neuroscience.Nutrition Sciences.Environmental Science.Environmental Studies.Natural Resources & Conservation - General.Natural Resources Management/Policy.Exercise Sciences.Philosophy.Religion/Religious Studies.Astronomy.Astrophysics.Chemistry.Geology.GeophysicsSeismology.Physics.Planetary Sciences.Psychology - General.Anthropology.Archaeology.Economics.Geography.International Relations.Political Science/Government.Sociology.Urban Studie"
Beth Hatalmud Rabbinical College,New York,Urban setting,70,"6,700",.Jewish/Judaic Studie
ITT Technical Institute: Liverpool,New York,Suburban setting,,.Design/Visual Communications.Computer Networking/Telecommunications.Web/Multimedia Design.CAD/CADD Drafting/Design.Electrical Engineering Technologie,Not set
Los Angeles Valley College,California,Suburban setting,"21,353","1,104",".American Studies.Art - General.Art History/Criticism/Conservation.Commercial/Advertising Art.Film Production/Cinematography.Music - General.Music - General Performance.Biology.Accounting.Administrative/Secretarial Services.Banking/Financial Services.Business - General.Fashion Merchandising.Hospitality/Recreation Marketing.Information Processing/Data Entry.Management Information Systems.Office Clerical Services.Broadcast Journalism.Journalism.Communications Technologies - General.Computer Programming - Specific Applications.Data Processing Technology.Drafting and Design Technology.Electrical Engineering Technologies.English Language & Literature - General.Family/Consumer Sciences - General.French.German.Italian.Spanish.Nursing (RN).Respiratory Therapy.History - General.Liberal Arts & Sciences.Mathematics - General.Parks, Recreation & Fitness - General.Philosophy.Chemistry.Geology.Physics.Planetary Sciences.Machine Shop Technology.Psychology - General.Police Science.Economics.Geography.Political Science/Government.Sociolog"
New Charter University,Alabama,Suburban setting,,.Business - General.Communications/Rhetoric.Criminal Justice Studie,Not set
<title>College Search - California National University for Advanced Studies - At a Glance,"<meta name=""DESCRIPTION"" content=""California National University for Advanced Studies: At a Glance  - Get trusted and up to date information about California National University for Advanced Studies financial aid, admission, SAT scores, college majors, deadlines, and more at collegeboard.com. Use the full College Search to find colleges that match your needs, compare colleges side by side, find similar colleges, and save a personal college list.""/>",Students who viewed <strong>California National University for Advanced Studies</strong> also viewed:,California National University for Advanced Studies,California,Suburban setting,"7,200",.Business Administration/Management.Computer Science.Engineering - Genera,Not set
Monroe Community College,New York,Suburban setting,"18,995","3,458",.Landscape Architecture.Commercial/Advertising Art.Fine/Studio Arts.Interior Design.Music - General Performance.Photography.Biology.Accounting.Administrative/Secretarial Services.Business - General.International Business.Marketing Management.Sales and Distribution.Tourism/Travel Services.Travel/Tourism Management.Advertising.Communications/Rhetoric.Digital Communications/Multimedia.Public Relations.Communications Technologies - General.Radio/Television Broadcasting.Computer Networking/Telecommunications.Computer Programming - General.Computer Science.Computer Systems Analysis.Information Technology.Construction Trades - General.Early Childhood Education.Health Teacher Education.Music Teacher Education.Physical Education.Teacher Assistance.Engineering Science.Civil Engineering/Technology.Construction/Building Technologies.Electrical Engineering Technologies.Heating/A.C./Refrigeration.Instrumentation Technology.Laser/Optical Technology.Manufacturing Technologies.Mechanical Engineering Technology.Surveying Technology.Child Care Service.Institutional Food Production.Dental Assistance.Dental Hygiene.Health Physics/Radiologic Health.Medical Records Technology.Nursing (RN).History - General.Court Reporting.Paralegal/Legal Assistance.Liberal Arts & Sciences.Mathematics - General.Automotive Technology.Heating/A.C./Refrigeration Mechanics.Health/Physical Fitness.Food Prep/Professional Cooking.Personal & Culinary Services - General.Chemistry.Optics.Physics.Human Services.Biology Technician.Corrections.Criminal Justice Studies.Fire Protection/Safety Technology.Law Enforcement Administration.Police Science.Political Science/Government.Social Sciences - Genera
Cuyahoga Community College: Metropolitan,Ohio,Urban setting,"31,683","2,737",.Horticultural Services.Commercial/Advertising Art.Music - General.Photography.Accounting.Administrative/Secretarial Services.Business - General.Business Administration/Management.Entrepreneurial Studies.Hospitality Administration/Management.Management Information Systems.Real Estate.Communications Technologies - General.Computer/Information Sciences - General.Early Childhood Education.Architectural Engineering Technology.Drafting and Design Technology.Electrical Engineering Technologies.Child Care Management.Sign Language Interpretation.Clinical/Medical Laboratory Technology.Dental Assistance.Dental Hygiene.Dental Laboratory Technology.Emergency Medical Technology.Health Services - General.Medical Assistance.Medical Records Administration.Medical Records Technology.Nursing (RN).Occupational Therapy Assistance.Opticianry/Opthalmic Dispensing Services.Pharmacy Assistance.Physical Therapy Assistance.Surgical Technology.Court Reporting.Paralegal/Legal Assistance.Liberal Arts & Sciences.Mathematics - General.Automotive Technology.Culinary Arts/Related Services.Corrections.Fire Protection/Safety Technology.Police Scienc
Memorial University of Newfoundland,Urban setting,"14,818",".Canadian Studies.Regional  Studies.Russian/Slavic Area Studies.Women's Studies.Drama/Theater Arts.Fine/Studio Arts.Music - General.Music - General Performance.Music History/Literature.Music Theory/Composition.Theater Design/Stagecraft.Visual and Performing Arts - General.Bacteriology.Biochemistry.Biology.Cellular Biology/Histology.Ecology.Entomology.Marine/Aquatic Biology.Parasitology.Business Administration/Management.Marketing Management.Computer Science.Computer/Information Sciences - General.Adult/Continuing Teacher Education.Bilingual/Bicultural Education.Biology Teacher Education.Chemistry Teacher Education.Curriculum/Instruction.Early Childhood Education.Education - General.Elementary Education.French Teacher Education.History Teacher Education.Music Teacher Education.Physical Education.Physics Teacher Education.Reading Teacher Education.Science Teacher Education.Secondary Education.Social Science Teacher Education.Social Studies Teacher Education.Special Education.Civil Engineering.Electrical/Communications Engineering.Engineering - General.Marine Engineering/Naval Architecture.Mechanical Engineering.Ocean Engineering.English Language & Literature - General.Writing, General.Classics.French.German.Linguistics.Spanish.Nursing - Preoperative/Surgical.Substance Abuse Counseling.History - General.General Studies.Humanities.Liberal Arts & Sciences.Library Science.Applied Mathematics.Mathematics - General.Statistics.Mathematics/Computer Science.Medieval/Renaissance Studies.Neuroscience.Nutrition Sciences.Environmental Studies.Forestry - General.Natural Resources & Conservation - General.Parks, Recreation & Fitness - General.Parks/Leisure Facilities Management.Philosophy.Religion/Religious Studies.Chemistry.Geology.Oceanography.Physics.Psychology - General.Anthropology.Archaeology.Criminology.Demography/Population Studies.Economics.Geography.Political Science/Government.Sociolog",Not set
Athens State University,Alabama,Suburban setting,"3,404","5,340",.Art - General.Biology.Accounting.Business Administration/Management.Human Resources Management.Information Resources Management.Purchasing/Procurement/Contracts.Computer/Information Sciences - General.Biology Teacher Education.Chemistry Teacher Education.Early Childhood Education.Education - General.Elementary Education.English Teacher Education.History Teacher Education.Junior High Education.Mathematics Education.Physical Education.Physics Teacher Education.Science Teacher Education.Secondary Education.Social Science Teacher Education.Social Studies Teacher Education.Special Education.Trade/Industrial Education.Instrumentation Technology.English Language & Literature - General.History - General.Liberal Arts & Sciences.Mathematics - General.Behavioral Sciences.Religion/Religious Studies.Chemistry.Physics.Psychology - General.Criminal Justice Studies.Political Science/Government.Sociolog
Kaplan University: Cedar Falls,Iowa,Suburban setting,,.Accounting.Business Administration/Management.Travel/Tourism Management.Computer Systems Analysis.Computer/Information Sciences - General.Data Processing Technology.Medical Assistance.Nursing - Practical.Paralegal/Legal Assistance.Law Enforcement Administratio,Not set
Community College of the Air Force,Alabama,Suburban setting,".Music - General.Human Resources Management.Management Information Systems.Office Management.Operations Management.Purchasing/Procurement/Contracts.Public Relations.Communications Technologies - General.Computer Networking/Telecommunications.Computer/Information Sciences - General.Technology/Industrial Arts Education.Construction/Building Technologies.Electrical Engineering Technologies.Cardiovascular Technology.Dental Assistance.Dental Laboratory Technology.Diagnostic Medical Sonography.Health Services - General.Health System Administration.Histologic Technician.Medical Assistance.Nuclear Medical Technology.Ophthalmic Laboratory Technology.Pharmacy Assistance.Physical Therapy Assistance.Radiologic Technology/Medical Imaging.Surgical Technology.History - General.Paralegal/Legal Assistance.Aircraft Mechanics.Electrical/Electronics Equipment Repair.Heating/A.C./Refrigeration Mechanics.Industrial Equipment Maintenance/Repair.Nutrition Sciences.Parks, Recreation & Fitness - General.Atmospheric Sciences.Social Work.Criminal Justice Studies.Fire Protection/Safety Technology.Air Traffic Control.Air Transportation.Aviation Management.Transportation & Materials Moving - Genera",Not set,Not set
Johnson College,Pennsylvania,Suburban setting,467,"16,362",.Logistics/Materials Management.Computer Networking/Telecommunications.Carpentry.Architectural Drafting.Biomedical Engineering Technology.Electrical Engineering Technologies.Radiologic Technology/Medical Imaging.Veterinarian Assistance.Automotive Technology.Diesel Mechanics.Electrical/Electronics Equipment Repair.Heating/A.C./Refrigeration Mechanics.Industrial Equipment Maintenance/Repair.Mechanics & Repair - General.Machine Tool Technolog
Carl Albert State College,Oklahoma,Rural setting,"2,490",.Art - General.Drama/Theater Arts.Music - General.Biology.Zoology.Accounting.Administrative/Secretarial Services.Business - General.Business Administration/Management.Office Clerical Services.Journalism.Computer Science.Early Childhood Education.Elementary Education.Secondary Education.English Language & Literature - General.Rhetoric and Composition.Nursing (RN).Physical Therapy Assistance.Premedicine.Prepharmacy.Preveterinary Medicine.Prelaw.Mathematics - General.Health/Physical Fitness.Psychology - General.Criminal Justice Studies.Social Sciences - General.Sociolog,Not set
Hamilton Technical College,Iowa,Suburban setting,,.CAD/CADD Drafting/Design.Electrical Engineering Technologies.Medical Assistance.Medical Insurance Codin,Not set
Tabor College,Kansas,Rural setting,721,"21,740",".Commercial/Advertising Art.Music - General.Biochemistry.Biology.Accounting/Business Management.Administrative/Secretarial Services.Business Administration/Management.Marketing Management.Office Management.Communications/Rhetoric.Journalism.Organizational Communication.Public Relations.Biology Teacher Education.Business Teacher Education.Chemistry Teacher Education.Education - General.Education of Developmentally Delayed.Education of Emotionally Handicapped.Education of Learning Disabled.Education of Mentally Handicapped.Education of Multiple Handicapped.Elementary Education.English Teacher Education.Health Teacher Education.History Teacher Education.Junior High Education.Kindergarten/Preschool Education.Mathematics Education.Music Teacher Education.Physical Education.Science Teacher Education.Secondary Education.Social Science Teacher Education.Social Studies Teacher Education.Special Education.Teacher Education, Multiple Levels.English Language & Literature - General.Athletic Training/Sports Medicine.Clinical/Medical Laboratory Technology.Nursing - Preoperative/Surgical.Predentistry.Premedicine.Prenursing.Prepharmacy.Preveterinary Medicine.History - General.Prelaw.Humanities.Liberal Arts & Sciences.Mathematics - General.Biological/Physical Sciences.Mathematics/Computer Science.Natural Sciences.Environmental Studies.Health/Physical Fitness.Parks, Recreation & Fitness - General.Sport/Fitness Administration.Philosophy.Religion/Religious Studies.Chemistry.Psychology - General.Social Sciences - General.Sociology.Bible Studies.Theology.Youth Ministr"
College of the Ozarks,Missouri,Rural setting,"1,374",,".Agricultural Business.Agronomy/Crop Science.Animal Sciences.Horticulture Science.Art - General.Drama/Theater Arts.Fine/Studio Arts.Music - General.Theater Design/Stagecraft.Biology.Accounting.Business Administration/Management.Business/Managerial Economics.Hospitality Administration/Management.International Business.Marketing Management.Restaurant/Food Services Management.Broadcast Journalism.Communications/Rhetoric.Journalism.Public Relations.Printing Management.Radio/Television Broadcasting.Computer Science.Information Technology.Agricultural Education.Art Teacher Education.Biology Teacher Education.Chemistry Teacher Education.Early Childhood Education.Elementary Education.English Teacher Education.History Teacher Education.Mathematics Education.Music Teacher Education.Physical Education.Science Teacher Education.Secondary Education.Social Studies Teacher Education.English Language & Literature - General.Child Development.Family/Consumer Sciences - General.Foods/Nutrition Studies.Spanish.Health Services - General.Medical Dietetics.Nursing (RN).History - General.Mathematics - General.Wildlife/Wilderness Management.Health/Physical Fitness.Parks/Leisure Facilities Management.Culinary Arts/Chef Training.Restaurant/Catering Management.Philosophy and Religious Studies, General.Chemistry.Psychology - General.Social Work.Corrections.Police Science.Sociology.Religious/Sacred Musi"
Maryville University of Saint Louis,Missouri,Suburban setting,"3,035","22,882",.Fine/Studio Arts.Graphic Design.Interior Design.Biochemistry.Biology.Biomedical Sciences.Accounting.Actuarial Science.Business - General.Business Administration/Management.E-Commerce.Management Information Systems.Marketing Management.Mass Communications/Media Studies.Computer Science.Art Teacher Education.Early Childhood Education.Elementary Education.Junior High Education.Science Teacher Education.English Language & Literature - General.Clinical Laboratory Science.Music Therapy.Nursing (RN).Predentistry.Public Health.Vocational Rehabilitation Counseling.History - General.Paralegal/Legal Assistance.Liberal Arts & Sciences.Applied Mathematics.Mathematics - General.Biological/Physical Sciences.Global Studies.Environmental Science.Environmental Studies.Sport/Fitness Administration.Philosophy.Chemistry.Forensic Chemistry.Industrial/Organizational Psychology.Psychology - General.Social Psychology.Criminology.Sociolog
Webster University,Missouri,"Additional programs offered at five St. Louis area campuses. Undergraduate degrees offered at extended campus locations in Missouri, California, South Carolina, Florida, and international campuses in Vienna; Leiden, The Netherlands; Geneva, Switzerland; Cha-am, Thailand; London.",Suburban setting,"2,995","22,340",.American Studies.European Studies.Acting.Art - General.Dance.Directing/Theatrical Production.Drama/Theater Arts.Film Production/Cinematography.Film Studies.Jazz Studies.Music - General.Music - General Performance.Music Theory/Composition.Musical theatre.Photography.Biology.Accounting.Accounting/Finance.Business - General.Business Administration/Management.Entrepreneurial Studies.Finance/Banking.Marketing Management.Advertising.Broadcast Journalism.Communications/Rhetoric.Digital Communications/Multimedia.Journalism.Public Relations.Computer Science.Web/Multimedia Design.Education - General.Music Teacher Education.English Language & Literature - General.Foreign Language & Literature - General.French.German.Spanish.Nursing (RN).Nursing Education.History - General.Law & Legal Studies - General.Paralegal/Legal Assistance.Humanities.Mathematics - General.Global Studies.Buddhist Studies.Ethics.Philosophy.Religion/Religious Studies.Psychology - General.Anthropology.Economics.International Relations.Political Science/Government.Social Sciences - General.Sociolog
College of Saint Mary,Nebraska,Urban setting,820,"24,830",.Fine/Studio Arts.Biology.Business Administration/Management.Biology Teacher Education.Chemistry Teacher Education.Early Childhood Education.Earth Science Teacher Education.Elementary Education.English Teacher Education.Junior High Education.Mathematics Education.Science Teacher Education.Secondary Education.Social Science Teacher Education.Spanish Language Teacher Education.Special Education.English Language & Literature - General.Nursing (RN).Pre-Occupational Therapy Studies.Predentistry.Premedicine.Prepharmacy.Preveterinary Medicine.Paralegal/Legal Assistance.Liberal Arts & Sciences.Mathematics - General.Chemistry.Psychology - General.Theolog
Metropolitan Career Center Computer Technology Institute,Pennsylvania,Urban setting,,.Computer Programming - Genera,Not set
<title>College Search - University of Arkansas Community College at Morrilton - At a Glance,"<meta name=""DESCRIPTION"" content=""University of Arkansas Community College at Morrilton: At a Glance  - Get trusted and up to date information about University of Arkansas Community College at Morrilton financial aid, admission, SAT scores, college majors, deadlines, and more at collegeboard.com. Use the full College Search to find colleges that match your needs, compare colleges side by side, find similar colleges, and save a personal college list.""/>",Students who viewed <strong>University of Arkansas Community College at Morrilton</strong> also viewed:,University of Arkansas Community College at Morrilton,Arkansas,Rural setting,"2,296","3,075",.Commercial/Advertising Art.Business - General.Networking/LAN/WAN Management.Montessori Teacher Education.Computer Systems.Drafting and Design Technology.Petroleum Technology.Surveying Technology.Child Development.Dietician Assistant.Emergency Medical Technology.Nursing (RN).Nursing - Practical.Nursing Assistance.General Studies.Liberal Arts & Sciences.Auto Body Repair.Automotive Technology.Heating/A.C./Refrigeration Mechanics.Welding Technology.Forensic Technologies.Law Enforcement Administratio
Coconino County Community College,Arizona,Rural setting,"3,981","2,640",.Architectural Technology.Art - General.Accounting.Accounting Technology.Business - General.Business Administration/Management.Construction Management.Finance/Banking.Hospitality Administration/Management.Information Processing/Data Entry.Marketing Management.Office Clerical Services.Real Estate.Transportation/Transportation Management.Desktop Publishing.System Administration.Carpentry.Power/Electric Transmission.Early Childhood Education.Education - General.Elementary Education.Engineering - General.Architectural Drafting.CAD/CADD Drafting/Design.Computer Software.Computer Systems.Construction/Building Technologies.Solar Energy.Home Attendant.Medical Administrative Assistance.Nursing Assistance.Legal Administrative Assistance.Paralegal/Legal Assistance.General Studies.Biological/Physical Sciences.Environmental Science.Psychology - General.Social Work.Corrections.Criminal Justice Studies.Fire Science/Firefighting.Anthropology.Cartography/GIS.Sociolog
"<a href=""http://collegesearch.collegeboard.com/search/CollegeDetail.jsp?collegeId=1192&AffiliateID=moreexplore&BannerID=393"">U Illinois Urbana</a>",Williams Baptist College,Arkansas,Rural setting,596,"12,620",.Fine/Studio Arts.Biology.Business Administration/Management.Finance/Banking.Computer/Information Sciences - General.Art Teacher Education.Early Childhood Education.Education - General.Elementary Education.English Teacher Education.Music Teacher Education.Physical Education.Secondary Education.Social Studies Teacher Education.English Language & Literature - General.History - General.General Studies.Psychology - General.Bible Studies.Missionary Studies.Religious Education.Religious/Sacred Music.Theology.Youth Ministr
San Jacinto College,Texas,Suburban setting,"29,392","1,680",.Agribusiness Operations.Agriculture - General.Hispanic-American Studies.Art - General.Commercial/Advertising Art.Dance.Design/Visual Communications.Drama/Theater Arts.Film Studies.Interior Design.Music - General.Biology.Biotechnology.Accounting.Accounting Technology.Administrative/Secretarial Services.Business - General.Business Administration/Management.Information Processing/Data Entry.International Business.Management Information Systems.Real Estate.Journalism.Radio/Television Broadcasting.Computer Programming - General.Computer/Information Sciences - General.Computer/Systems Security.Networking/LAN/WAN Management.Web/Multimedia Design.Web/Multimedia Management.Power/Electric Transmission.Elementary Education.Junior High Education.Kindergarten/Preschool Education.Science Teacher Education.Secondary Education.Engineering Mechanics.Drafting and Design Technology.Electrical Engineering Technologies.Instrumentation Technology.Occupational Safety.English Language & Literature - General.Child Care Management.Child Development.Institutional Food Production.Foreign Language & Literature - General.Clinical Laboratory Science.Clinical/Medical Laboratory Technology.Diagnostic Medical Sonography.Emergency Medical Technology.Long Term Care Administration/Management.Massage Therapy.Medical Administrative Assistance.Medical Assistance.Medical Insurance Coding.Medical Laboratory Assistance.Medical Radiologic Technology.Medical Records Technology.Mental Health Counseling.Mental Health Services Technology.Nursing (RN).Nursing - Practical.Optometric Technician/Assistant.Pharmacy Assistance.Physical Therapy Assistance.Radiologic Technology/Medical Imaging.Respiratory Therapy.Substance Abuse Counseling.Surgical Technology.History - General.Paralegal/Legal Assistance.General Studies.Liberal Arts & Sciences.Mathematics - General.Auto Body Repair.Automotive Technology.Diesel Mechanics.Heating/A.C./Refrigeration Mechanics.Behavioral Sciences.Environmental Science.Health/Physical Fitness.Baking/Pastry Arts.Cosmetic Services.Cosmetology.Culinary Arts/Chef Training.Facial Treatments.Food Prep/Professional Cooking.Institutional Food Service.Manicure/Nails.Restaurant/Catering Management.Philosophy.Chemistry.Geology.Physical Sciences - General.Physics.Welding Technology.Psychology - General.Chemical Process Technology.Chemical Technology.Corrections.Fire Protection/Safety Technology.Fire Science/Firefighting.Police Science.Cartography/GIS.Political Science/Government.Social Sciences - General.Sociology.Airline - Commercial Pilot/Flight Crew.Aviation Management.Truck/Bus/Commercial Vehicle Operatio
Aaniiih Nakoda College,Montana,Rural setting,"Rural community (under 2,500)","2,410",.Native American Studies.Business - General.Information Processing/Data Entry.Data Processing Technology.Early Childhood Education.Elementary Education.Substance Abuse Counseling.Liberal Arts & Sciences.Natural Resources Management/Policy.Human Service,Not set
<title>College Search - University of Missouri: Kansas City - UMKC - At a Glance,"<meta name=""DESCRIPTION"" content=""University of Missouri: Kansas City: At a Glance  - Get trusted and up to date information about University of Missouri: Kansas City financial aid, admission, SAT scores, college majors, deadlines, and more at collegeboard.com. Use the full College Search to find colleges that match your needs, compare colleges side by side, find similar colleges, and save a personal college list.""/>",Students who viewed <strong>University of Missouri: Kansas City</strong> also viewed:,University of Missouri: Kansas City,"Kansas City,&nbsp;",Missouri,Urban setting,"10,134","9,029",.Architecture.City/Community/Regional Planning.American Studies.Art - General.Art History/Criticism/Conservation.Dance.Drama/Theater Arts.Fine/Studio Arts.Music - General.Music - General Performance.Music - Piano/Organ.Music - Voice/Opera.Music Theory/Composition.Stringed Instruments.Biology.Accounting.Accounting/Business Management.Accounting/Finance.Business - General.Business Administration/Management.Entrepreneurial Studies.Finance/Banking.Marketing Research.Communications/Rhetoric.Computer Science.Information Technology.Art Teacher Education.Bilingual/Bicultural Education.Biology Teacher Education.Chemistry Teacher Education.Early Childhood Education.Education - General.Elementary Education.English Teacher Education.Foreign Language Teacher Education.French Teacher Education.Geography Teacher Education.German Teacher Education.History Teacher Education.Junior High Education.Kindergarten/Preschool Education.Music Teacher Education.Physics Teacher Education.Science Teacher Education.Secondary Education.Social Science Teacher Education.Social Studies Teacher Education.Spanish Language Teacher Education.Civil Engineering.Electrical/Communications Engineering.Mechanical Engineering.English Language & Literature - General.French.German.Spanish.Bioethics/Medical Ethics.Clinical Laboratory Science.Dental Hygiene.Health Services - General.Music Therapy.Nursing (RN).Pharmaceutical Sciences.Predentistry.Premedicine.Prenursing.Prepharmacy.History - General.Prelaw.General Studies.Liberal Arts & Sciences.Mathematics - General.Statistics.Environmental Science.Environmental Studies.Philosophy.Chemistry.Geology.Physics.Psychology - General.Criminal Justice Studies.Law Enforcement Administration.Police Science.Criminology.Economics.Geography.Political Science/Government.Sociology.Urban Studie
Muscatine Community College,Iowa,Rural setting,"2,007","3,840",.Agricultural Production.Agricultural Supplies.Horticultural Services.Accounting.Administrative/Secretarial Services.Business Administration/Management.Logistics/Materials Management.Sales and Distribution.Computer Programming - Specific Applications.Electrician.Environmental Engineering Technology.Manufacturing Technologies.Child Care Service.Dental Hygiene.Diagnostic Medical Sonography.Electroencephalograph Technology.Emergency Medical Technology.Massage Therapy.Nuclear Medical Technology.Nursing - Practical.Physical Therapy Assistance.Radiologic Technology/Medical Imaging.Respiratory Therapy.Veterinarian Assistance.Liberal Arts & Sciences.Industrial Equipment Maintenance/Repair.Natural Resources & Conservation - General.Restaurant/Catering Management.Fire Science/Firefighting.Police Science.Truck/Bus/Commercial Vehicle Operatio
Mayville State University,North Dakota,Rural setting,970,"6,084",.Biology.Business - General.Business Administration/Management.Communications/Rhetoric.Computer/Information Sciences - General.Data Processing Technology.Biology Teacher Education.Chemistry Teacher Education.Early Childhood Education.Elementary Education.English Teacher Education.Geography Teacher Education.Health Teacher Education.History Teacher Education.Mathematics Education.Physical Education.Social Science Teacher Education.Teacher Assistance.English Language & Literature - General.Child Care Management.Child Care Service.Clinical Laboratory Science.Predentistry.Premedicine.Prenursing.Prepharmacy.Preveterinary Medicine.Prelaw.General Studies.Mathematics - General.Health/Physical Fitness.Sport/Fitness Administration.Chemistry.Psychology - General.Social Sciences - Genera
Northwest Technical Institute,Minnesota,Suburban setting,120,"18,950",.Architectural Technology.Engineering - General.Mechanical Engineering.Architectural Drafting.Architectural Engineering Technology.Drafting and Design Technology.Engineering Technology - General.Mechanical Drafting.Mechanical Engineering Technolog
<title>College Search - Iowa Western Community College - IWCC - At a Glance,"<meta name=""DESCRIPTION"" content=""Iowa Western Community College: At a Glance  - Get trusted and up to date information about Iowa Western Community College financial aid, admission, SAT scores, college majors, deadlines, and more at collegeboard.com. Use the full College Search to find colleges that match your needs, compare colleges side by side, find similar colleges, and save a personal college list.""/>",Students who viewed <strong>Iowa Western Community College</strong> also viewed:,Iowa Western Community College,Iowa,Suburban setting,"7,201","4,180",".Agribusiness Operations.Agricultural Business.Agriculture - General.Spanish/Iberian Studies.Art - General.Music - General.Theatre Arts Management.Biology.Botany.Microbiology.Molecular Biology.Business Administration/Management.Fashion Merchandising.Hotel, Motel, and Restaurant Management.Human Resources Management.Marketing Management.Office Management.Sales and Distribution.Broadcast Journalism.Communication, General.Mass Communications/Media Studies.Radio/Television.Sports Communication.Graphic/Printing Equipment Operation.Computer Programming - General.Computer Science.Computer Support Specialist.Computer/Systems Security.System Administration.Web/Multimedia Design.Construction Trades - General.Education - General.Architectural Engineering Technology.Civil Engineering/Technology.Electrical Engineering Technologies.General Literature.Child Care Management.Institutional Food Production.Sign Language Interpretation.Athletic Training/Sports Medicine.Dental Assistance.Dental Hygiene.Medical Reception.Nursing (RN).Nursing - Practical.Pre-Occupational Therapy Studies.Pre-Physical Therapy Studies.Premedicine.Prepharmacy.Substance Abuse Counseling.Surgical Technology.Veterinarian Assistance.Paralegal/Legal Assistance.Prelaw.Liberal Arts & Sciences.Mathematics - General.Aircraft Mechanics.Automotive Technology.Diesel Mechanics.Mechanics & Repair - General.Culinary Arts/Related Services.Chemistry.Psychology - General.Human Services.Social Work.Fire Science/Firefighting.Forensic Technologies.Political Science/Government.Social Sciences - General.Sociolog"
Emporia State University,Kansas,Suburban setting,"3,846","4,952",".Art - General.Drama/Theater Arts.Music - General.Biology.Chem/Phys/Molecular Biology.Accounting.Business Administration/Management.Human Resources Management.Marketing Management.Communications/Rhetoric.Computer/Information Sciences - General.Computer/Systems Security.Information Sciences/Systems.Elementary Education.Health Teacher Education.Music Teacher Education.Secondary Education.Speech Teacher Education.English Language & Literature - General.Foreign Language & Literature - General.Athletic Training/Sports Medicine.Nursing (RN).Public Health Education.Vocational Rehabilitation Counseling.History - General.Liberal Arts & Sciences.Mathematics - General.Parks, Recreation & Fitness - General.Chemistry.Geology.Physical Sciences - General.Physics.Psychology - General.Economics.Political Science/Government.Social Sciences - General.Sociolog"
Southern Nazarene University,Oklahoma,Suburban setting,"1,509","19,794",.American Studies.Graphic Design.Music - General.Visual and Performing Arts - General.Biochemistry.Biology.Accounting.Business - General.Business Administration/Management.Finance/Banking.Marketing Management.Communications/Rhetoric.Journalism.Communications Technologies - General.Computer Networking/Telecommunications.Computer/Information Sciences - General.Early Childhood Education.Education - General.Elementary Education.English Teacher Education.History Teacher Education.Mathematics Education.Music Teacher Education.Physical Education.Reading Teacher Education.Science Teacher Education.Secondary Education.Spanish Language Teacher Education.Speech Teacher Education.English Language & Literature - General.Rhetoric and Composition.Spanish.Athletic Training/Sports Medicine.Clinical/Medical Laboratory Technology.History - General.Prelaw.Liberal Arts & Sciences.Mathematics - General.Behavioral Sciences.Natural Resources & Conservation - General.Exercise Sciences.Philosophy.Religion/Religious Studies.Chemistry.Physics.Psychology - General.Criminal Justice Studies.Political Science/Government.Social Sciences - General.Sociology.Missionary Studies.Religious Education.Religious/Sacred Music.Theology.Aviation Managemen
Trinity Valley Community College,Texas,Rural setting,"6,157","1,920",.Agricultural Business.Farm/Ranch Management.Horticultural Services.Art - General.Drama/Theater Arts.Music - General.Visual and Performing Arts - General.Biology.Accounting.Administrative/Secretarial Services.Business Administration/Management.Information Processing/Data Entry.Real Estate.Communications/Rhetoric.Journalism.Computer Graphics.Computer Programming - General.Computer/Information Sciences - General.Data Processing Technology.Masonry/Tile Setting.Early Childhood Education.Education - General.Elementary Education.Junior High Education.Engineering - General.Polymer/Plastics.Drafting and Design Technology.English Language & Literature - General.Rhetoric and Composition.Child Care Management.Spanish.Emergency Medical Technology.Nursing (RN).Nursing - Practical.Predentistry.Premedicine.Prenursing.Prepharmacy.Preveterinary Medicine.Surgical Technology.Legal Administrative Assistance.Paralegal/Legal Assistance.Prelaw.Liberal Arts & Sciences.Mathematics - General.Auto Body Repair.Automotive Technology.Heating/A.C./Refrigeration Mechanics.Health/Physical Fitness.Cosmetology.Culinary Arts/Related Services.Chemistry.Physics.Psychology - General.Fire Science/Firefighting.Law Enforcement Administration.Social Sciences - General.Sociolog
South University: Savannah,Georgia,Suburban setting,"16,035",.Accounting.Business Administration/Management.Information Technology.Health Services - General.Health System Administration.Medical Assistance.Nursing (RN).Physical Therapy Assistance.Law & Legal Studies - General.Paralegal/Legal Assistance.Psychology - General.Law Enforcement Administratio,Not set
Salvation Army College for Officer Training at Crestmont,California,Suburban setting,"4,525",.Missionary Studie,Not set
Santiago Canyon College,California,Urban setting,"19,131","1,114",.Art - General.Commercial/Advertising Art.Crafts/Folk Art/Artisanry.Dance.Fashion Design.Metal/Jewelry Arts.Music - General.Biology.Accounting.Business Administration/Management.Business/Managerial Economics.Marketing Management.Sales/Selling Skills.Travel/Tourism Management.Communications/Rhetoric.Graphic Communications.Photographic/Film Technology.Computer Science.Information Sciences/Systems.Web/Multimedia Design.Carpentry.Electrician.Engineering - General.Drafting and Design Technology.Surveying Technology.English Language & Literature - General.Rhetoric and Composition.Family/Consumer Sciences - General.American Sign Language (ASL).Foreign Language & Literature - General.French.Italian.Spanish.Medical Assistance.History - General.Paralegal/Legal Assistance.Liberal Arts & Sciences.Library Assistance.Mathematics - General.Automotive Technology.Barbering.Cosmetic Services.Cosmetology.Philosophy.Chemistry.Geology.HydrologyWater Resources.Physics.Psychology - General.Fire Protection/Safety Technology.Anthropology.Economics.Geography.Political Science/Government.Social Sciences - General.Sociolog
Divine Word College,Iowa,Rural setting,"Rural community (under 2,500)",107,"11,785",.Intercultural/Multicultural/Diversity Studies.Philosophy.Religion/Religious Studie
<title>College Search - Virginia Polytechnic Institute and State University - Virginia Tech - At a Glance,"<meta name=""DESCRIPTION"" content=""Virginia Polytechnic Institute and State University: At a Glance  - Get trusted and up to date information about Virginia Polytechnic Institute and State University financial aid, admission, SAT scores, college majors, deadlines, and more at collegeboard.com. Use the full College Search to find colleges that match your needs, compare colleges side by side, find similar colleges, and save a personal college list.""/>",Students who viewed <strong>Virginia Polytechnic Institute and State University</strong> also viewed:,Virginia Polytechnic Institute and State University,Virginia,Rural setting,"23,700","10,509",".Agribusiness Operations.Agricultural Production.Agriculture - General.Agronomy/Crop Science.Animal Sciences.Dairy Science.Food Science.Horticulture Science.Architecture.Landscape Architecture.Art - General.Drama/Theater Arts.Industrial Design.Interior Design.Music - General.Biochemistry.Biology.Accounting.Business Administration/Management.Business/Managerial Economics.Construction Management.Finance/Banking.Hospitality Administration/Management.Management Science.Marketing Management.Communications/Rhetoric.Computer/Information Sciences - General.Secondary Education.Aeronautical/Aerospace Engineering.Agricultural Engineering.Chemical Engineering.Civil Engineering.Computer Engineering - General.Construction Engineering.Electrical/Communications Engineering.Engineering Mechanics.Industrial Engineering.Materials Engineering.Mechanical Engineering.Mining/Mineral Engineering.English Language & Literature - General.Family/Consumer Sciences - Business.Foods/Nutrition Studies.Human Development/Family Studies.Foreign Language & Literature - General.History - General.Liberal Arts & Sciences.Mathematics - General.Statistics.Science, Technology & Society.Environmental Science.Environmental Studies.Forestry - General.Philosophy.Chemistry.Geology.Meteorology.Physics.Psychology - General.Public Policy Analysis.Applied Economics.Economics.Geography.International Relations.Political Science/Government.Sociolog"
John Tyler Community College,Virginia,Suburban setting,"10,798","3,620",.Architectural Technology.Visual and Performing Arts - General.Business Administration/Management.Real Estate.Graphic/Printing Equipment Operation.Computer/Information Sciences - General.Web/Multimedia Design.Building/Property Maintenance.Engineering - General.Civil Engineering/Technology.Electrical Engineering Technologies.Engineering Technology - General.Industrial Technology.Child Care Service.Nursing (RN).General Studies.Humanities.Liberal Arts & Sciences.Automotive Technology.Heating/A.C./Refrigeration Mechanics.Industrial Electronics.Industrial Equipment Maintenance/Repair.Funeral Services/Mortuary Science.Welding Technology.Human Services.Biology Technician.Law Enforcement Administratio
<title>College Search - University of Texas at Arlington - UTA - At a Glance,"<meta name=""DESCRIPTION"" content=""University of Texas at Arlington: At a Glance  - Get trusted and up to date information about University of Texas at Arlington financial aid, admission, SAT scores, college majors, deadlines, and more at collegeboard.com. Use the full College Search to find colleges that match your needs, compare colleges side by side, find similar colleges, and save a personal college list.""/>",Students who viewed <strong>University of Texas at Arlington</strong> also viewed:,University of Texas at Arlington,Texas,Urban setting,"25,419","8,878","<img src=""/premium/images/91/91-majors.jpg"" alt="""" width=""147"" height=""104"" border=""0"">.Go to uta.edu to learn more..Architecture.Interior Architecture.Art - General.Art History/Criticism/Conservation.Drama/Theater Arts.Fine/Studio Arts.Music - General.Music - General Performance.Biochemistry.Biology.Microbiology.Accounting.Banking/Financial Services.Business Administration/Management.Business/Managerial Economics.International Business.Management Information Systems.Marketing Management.Real Estate.Advertising.Digital Communications/Multimedia.Journalism.Public Relations.Radio/Television.Computer Science.Aeronautical/Aerospace Engineering.Biomedical Engineering.Civil Engineering.Computer Engineering - General.Electrical/Communications Engineering.Industrial Engineering.Mechanical Engineering.Software Engineering.English Language & Literature - General.Rhetoric and Composition.Child Development.Foreign Language & Literature - General.French.German.Linguistics.Russian.Spanish.Athletic Training/Sports Medicine.Clinical Laboratory Science.Nursing (RN).History - General.General Studies.Mathematics - General.Multi/Interdisciplinary Studies, General.Exercise Sciences.Philosophy.Chemistry.Geology.Physics.Psychology - General.Social Work.Criminal Justice Studies.Anthropology.Economics.Political Science/Government.Sociolog"
Sampson Community College,North Carolina,Rural setting,"1,623","2,059",".Animal Sciences.Horticultural Services.Horticulture, Ornamental.Landscaping.Accounting.Administrative/Secretarial Services.Business Administration/Management.Office Clerical Services.Real Estate.Computer Programming - Specific Applications.Computer/Information Sciences - General.Information Sciences/Systems.Carpentry.Early Childhood Education.Education - General.Nursing (RN).Nursing - Practical.Nursing Assistance.Industrial Equipment Maintenance/Repair.Cosmetology.Police Scienc"
<title>College Search - Trinity Washington University - At a Glance,"<meta name=""DESCRIPTION"" content=""Trinity Washington University: At a Glance  - Get trusted and up to date information about Trinity Washington University financial aid, admission, SAT scores, college majors, deadlines, and more at collegeboard.com. Use the full College Search to find colleges that match your needs, compare colleges side by side, find similar colleges, and save a personal college list.""/>",Students who viewed <strong>Trinity Washington University</strong> also viewed:,Trinity Washington University,"Washington,&nbsp;",Urban setting,"20,310",.Art History/Criticism/Conservation.Biochemistry.Biology.Business Administration/Management.Communications/Rhetoric.English Language & Literature - General.Foreign Language & Literature - General.Public Health.History - General.General Studies.Liberal Arts & Sciences.Mathematics - General.Environmental Science.Chemistry.Physical Sciences - General.Psychology - General.Human Services.Law Enforcement Administration.Economics.International Relations.Political Science/Government.Sociolog,Not set
Macon State College,Georgia,Suburban setting,"5,702","3,644",".Art - General.Music - General.Biology.Accounting.Business Administration/Management.Marketing Management.Operations Management.Digital Communications/Multimedia.Journalism.Mass Communications/Media Studies.Information Technology.Biology Teacher Education.Early Childhood Education.English Teacher Education.History Teacher Education.Junior High Education.Mathematics Education.Pre-Engineering.Engineering Technology - General.English Language & Literature - General.Foreign Language & Literature - General.Health Services Administration.Medical Records Administration.Medical Records Technology.Nursing (RN).Physical Therapy Assistance.Predentistry.Premedicine.Prepharmacy.Preveterinary Medicine.Respiratory Therapy.History - General.General Studies.Mathematics - General.Multi/Interdisciplinary Studies, General.Chemistry.Physics.Psychology - General.Human Services.Criminal Justice Studies.Political Science/Government.Sociolog"
<title>College Search - Ohio Valley University - OVU - At a Glance,"<meta name=""DESCRIPTION"" content=""Ohio Valley University: At a Glance  - Get trusted and up to date information about Ohio Valley University financial aid, admission, SAT scores, college majors, deadlines, and more at collegeboard.com. Use the full College Search to find colleges that match your needs, compare colleges side by side, find similar colleges, and save a personal college list.""/>",Students who viewed <strong>Ohio Valley University</strong> also viewed:,Ohio Valley University,West Virginia,Suburban setting,443,"16,960",".Biomedical Sciences.Accounting.Business Administration/Management.Human Resources Management.Nonprofit Management.Information Technology.Education - General.Elementary Education.English Teacher Education.Mathematics Education.Physical Education.Science Teacher Education.Secondary Education.Social Studies Teacher Education.Teacher Education, Multiple Levels.Liberal Arts & Sciences.Religion/Religious Studies.Psychology - General.Bible Studie"
Gallaudet University,"Washington,&nbsp;",Urban setting,"1,118","12,806",".Art History/Criticism/Conservation.Commercial/Advertising Art.Drama/Theater Arts.Fine/Studio Arts.Visual and Performing Arts - General.Biology.Accounting.Business - General.Business Administration/Management.Entrepreneurial Studies.Management Information Systems.Communications/Rhetoric.Computer Science.Computer/Information Sciences - General.Information Sciences/Systems.Art Teacher Education.Early Childhood Education.Education - General.Education of Deaf/Hearing Impaired.Education of Multiple Handicapped.Elementary Education.Family/Consumer Sciences - Education.Physical Education.Secondary Education.English Language & Literature - General.Child Development.American Sign Language (ASL).French.Spanish.Recreational Therapy.History - General.Mathematics - General.Global Studies.Health/Physical Fitness.Parks, Recreation & Fitness - General.Philosophy.Chemistry.Physics.Psychology - General.Social Work.Criminology.Economics.Political Science/Government.Sociolog"
Greensboro College,North Carolina,Urban setting,"1,117","25,000",.Drama/Theater Arts.Fine/Studio Arts.Music - General.Music - General Performance.Theater Design/Stagecraft.Biology.Accounting.Business/Managerial Economics.Communications/Rhetoric.Art Teacher Education.Biology Teacher Education.Drama/Dance Teacher Education.Early Childhood Education.Education - General.Education of Emotionally Handicapped.Education of Learning Disabled.Education of Mentally Handicapped.Education of Multiple Handicapped.Elementary Education.English Teacher Education.History Teacher Education.Junior High Education.Mathematics Education.Music Teacher Education.Physical Education.Social Studies Teacher Education.Spanish Language Teacher Education.Special Education.English Language & Literature - General.French.Spanish.Athletic Training/Sports Medicine.History - General.Liberal Arts & Sciences.Mathematics - General.Exercise Sciences.Health/Physical Fitness.Sport/Fitness Administration.Religion/Religious Studies.Chemistry.Psychology - General.Political Science/Government.Sociolog
Hodges University,Florida,Suburban setting,"2,172","14,600",.Accounting.Business Administration/Management.Information Technology.Health System Administration.Medical Assistance.Medical Records Technology.Paralegal/Legal Assistance.Criminal Justice Studie
Pima Community College,Arizona,Urban setting,"1,910",.Native American Studies.Design/Visual Communications.Digital Arts.Film Production/Cinematography.Game and Interactive Media Design.Visual and Performing Arts - General.Accounting.Administrative/Secretarial Services.Business - General.Customer Service Management.Fashion Merchandising.Hospitality Administration/Management.Human Resources Management.Insurance/Risk Management.Logistics/Materials Management.Office Clerical Services.Retailing.Digital Communications/Multimedia.Computer Networking/Telecommunications.Computer Systems Analysis.Computer/Information Sciences - General.Data Processing Technology.Web/Multimedia Design.Word Processing.Building Construction Technology.Building/Property Maintenance.Bilingual/Bicultural Education.Early Childhood Education.Education - General.Physical Education.Special Education.Pre-Engineering.Architectural Drafting.Computer Engineering.Drafting and Design Technology.Electrical/Electronics Drafting.Environmental Engineering Technology.Integrated Circuit Design.Surveying Technology.Technical/Business Writing.Child Development.Language Interpretation/Translation.Sign Language Interpretation.Clinical/Medical Laboratory Technology.Clinical/Medical Social Work.Community Health Services.Dental Assistance.Dental Hygiene.Dental Laboratory Technology.Emergency Medical Technology.Histologic Technician.Home Attendant.Management/Clinical Assistant.Massage Therapy.Medical Laboratory Assistance.Medical Records Technology.Mental Health Services Technology.Nursing (RN).Nursing - Practical.Pharmacy Assistance.Phlebotomy.Radiologic Technology/Medical Imaging.Respiratory Therapy.Veterinarian Assistance.Paralegal/Legal Assistance.General Studies.Liberal Arts & Sciences.Aircraft Mechanics.Automotive Technology.Avionics Maintenance/Technology.Heating/A.C./Refrigeration Mechanics.Industrial Electronics.Physical Fitness Technician.Food Prep/Professional Cooking.Restaurant/Catering Management.CabinetmakingMillwork.Machine Tool Technology.Welding Technology.Biology Technician.Correctional Facilities Administration.Corrections.Criminal Justice Studies.Fire Science/Firefighting.Forensic Technologies.Juvenile Corrections.Law Enforcement Administration.Police Science.Anthropology.Political Science/Government.Sociology.Truck/Bus/Commercial Vehicle Operatio,Not set
